baseline,seed_11,seed_22,seed_33,seed_44,seed_55,seed_66,seed_77,seed_88,seed_99,seed_111,mean_accuracy,std_accuracy
oracle,1.0,1.0,1.0,1.0,1.0,1.0,1.0,1.0,1.0,1.0,1.0,0.0
full_brain,0.99125,0.99125,0.995,0.9925,0.99125,0.99125,0.99375,0.995,0.9875,0.98625,0.9914999999999999,0.0027271780286589335
vector_rag_rerank,0.9075,0.875,0.8825,0.9,0.88,0.9275,0.87125,0.89875,0.91,0.89125,0.8943749999999999,0.016828640022295335
vector_rag,0.8275,0.82625,0.82625,0.85125,0.82125,0.8225,0.76875,0.79125,0.85,0.82,0.8205,0.02338669493536868
heuristic_stateful,0.8125,0.7975,0.8175,0.815,0.8175,0.83,0.785,0.81125,0.82,0.78,0.8086249999999999,0.0151909718253968
graph_route_pg,0.79625,0.74625,0.72,0.7625,0.79125,0.80875,0.69875,0.78125,0.78125,0.7,0.758625,0.03833833753568353
route_fn_only,0.615,0.62125,0.6775,0.645,0.635,0.67,0.61875,0.62,0.62375,0.6575,0.638375,0.021744611401448406
static_graph,0.0,0.0,0.0,0.0,0.0,0.0,0.0,0.0,0.0,0.0,0.0,0.0
